CustomerID,Name,Email,Age,RegionID
1,Monica Haynes,andrea99@example.net,24,2
2,Jessica Banks,jbrown@example.net,19,2
3,Michelle Lewis,karenhughes@example.com,37,2
4,Gregory Cook,quinndawn@example.com,41,3
5,Toni Estes,davisnathan@example.org,54,5
6,Robert Woods,petermiller@example.org,60,4
7,Jennifer Woods,qdouglas@example.org,58,1
8,Melissa Tucker,rushchristian@example.net,63,2
9,Matthew Johnson,anthonywoodward@example.net,53,1
10,Kayla Casey,underwoodjeffrey@example.net,57,1
11,Stephanie Dyer,pmurphy@example.net,27,4
12,Holly Lewis,colemanpeter@example.com,49,2
13,Samuel Ortiz,danielle75@example.org,43,4
14,Michele Burnett,ruizkristina@example.org,26,1
15,Adriana Martin,calhounpatricia@example.org,40,2
16,Ashley Lawrence,xjohnson@example.net,35,5
17,Tiffany Holland,gwhite@example.com,66,5
18,James Salazar,gwendolyn78@example.net,38,4
19,Taylor Boyer,fernando36@example.com,48,5
20,Jessica Price,christopher28@example.net,21,5
21,Michael Martinez,rramirez@example.com,55,3
22,Gina Burke,christensenkelly@example.net,26,3
23,Elizabeth Day,corey83@example.com,65,1
24,Amber Paul,tony18@example.net,33,2
25,Marvin Brown,terrencemiller@example.org,22,3
26,Emily Martin,kevin25@example.org,61,4
27,Robert Johnson,michael90@example.net,55,2
28,Gary Campbell,lindagardner@example.org,59,4
29,Michelle Pratt,evansbecky@example.org,20,4
30,Jon Smith,singram@example.com,59,1
31,Michael Humphrey,christine70@example.org,23,2
32,Tina Mann,fowlersean@example.com,50,4
33,Adam Edwards,benjamin40@example.org,41,1
34,Russell Foster,brian52@example.com,59,4
35,Antonio Clark,kyle68@example.org,33,2
36,Dana Wilson,gutierrezstacy@example.net,57,5
37,Dawn Wilson,stephanie95@example.org,63,5
38,Stephen Rivera,jason86@example.com,58,3
39,Michelle Curry,leblanccorey@example.org,41,4
40,Sandra Padilla,anthony64@example.com,35,3
41,Nathaniel Bender,parkerlaura@example.net,31,1
42,Rachel Watkins,whodge@example.com,63,2
43,Justin York,youngtodd@example.org,54,3
44,Nathaniel Hanson,andersonbrandi@example.org,54,1
45,Philip Roberts,alison49@example.com,41,5
46,Samuel Lopez,donald63@example.com,47,2
47,Joshua Roberts,uwalters@example.org,64,1
48,Albert Lewis,tbrown@example.org,50,2
49,Caroline Ali,bryan63@example.org,54,4
50,Gwendolyn Sellers,justinschneider@example.com,45,5
51,Jason Perez,ashleynelson@example.org,24,5
52,Andrew Thornton,finleyteresa@example.net,24,4
53,Jill Montoya MD,leonard80@example.com,28,3
54,Willie Perez,brandonmorrison@example.org,21,1
55,Anne Martin,richardhill@example.net,58,4
56,Julie Allen,greeves@example.net,24,4
57,Kaitlin Hughes,erin16@example.org,45,4
58,Joel Hoover,jackiesmith@example.com,49,5
59,Jane Howell,cynthiarice@example.com,46,4
60,Sean Bradford,kimberly74@example.net,37,4
61,Kara Rivera,arodriguez@example.net,46,1
62,Steven Butler,swu@example.net,54,2
63,Gary Kelly,karenyoung@example.net,42,4
64,Kimberly Green,lawrence38@example.com,67,5
65,Daniel Simmons,tina59@example.net,33,3
66,Victor Stanley,victoriarobinson@example.com,42,4
67,Kelly Lewis,seanortega@example.com,33,3
68,Jessica Harrison,meyerjanet@example.com,70,4
69,Jesse White,tonyaellis@example.com,22,5
70,Kevin Salinas,patrick86@example.net,21,5
71,Lisa Jones,franklinkelsey@example.net,45,2
72,Karen Bennett,hensoncrystal@example.com,26,4
73,Rachel Thomas,lmoore@example.com,34,1
74,Adam Wong,rileyadrienne@example.com,70,4
75,Mary Gibson,debbiesutton@example.net,68,1
76,Sean Blake,john52@example.org,36,4
77,Mr. Richard Chavez MD,lopezkayla@example.org,55,3
78,Kerry Rivera,evansdaniel@example.org,36,3
79,William Johnson,ckim@example.org,19,1
80,Wayne Carter,ujohnson@example.com,56,3
81,Timothy Matthews,ayalamaria@example.com,21,4
82,Lindsey Wilson,cmccoy@example.com,57,1
83,Chelsea Burke,ibarnes@example.com,63,5
84,Brandi Ramsey,christophercamacho@example.com,46,3
85,Angela May,michaelnguyen@example.net,41,4
86,April Klein,apriljarvis@example.net,19,4
87,Kaitlin Ortiz,nicholas52@example.com,19,3
88,John Baker,odavis@example.net,54,4
89,Janet Diaz,lopezjason@example.org,66,3
90,Mary Wilson,deborah74@example.org,31,1
91,Andrew Bryant,oedwards@example.com,62,1
92,Brooke Stewart,qhanson@example.org,39,4
93,Matthew Wilson,cliffordsavage@example.com,18,1
94,Tyler Thornton,ericnash@example.net,47,5
95,Robert Day,xnelson@example.org,46,1
96,Joe Sawyer,cohenkathy@example.com,68,5
97,Autumn Fernandez,jonathan84@example.org,27,1
98,John Rodriguez,robincook@example.org,52,5
99,Randy Olsen,timothy58@example.org,47,2
100,Ryan Hill,vsnyder@example.org,47,5
101,Matthew Ford,josephhinton@example.net,33,4
102,Kevin Williamson,amanda58@example.net,27,5
103,Kelly Clark,stacey03@example.com,43,2
104,Amanda Guerrero,adam52@example.com,40,5
105,Jillian Thomas,scotttimothy@example.com,35,2
106,Jessica Harrison,racheladkins@example.net,70,5
107,Robert Martin,sharon28@example.org,68,4
108,Jacob Hodges,john96@example.net,62,5
109,Heidi Underwood,vhammond@example.com,59,5
110,Karen Obrien,iwilliams@example.org,67,5
111,Tyler Rogers,johnstony@example.org,51,4
112,Erik Mcneil,toddclark@example.net,40,3
113,Gregory Davis,mwilcox@example.org,29,5
114,Rachel Vaughan,wallacesara@example.net,52,5
115,Joshua Yates,nancy91@example.com,23,2
116,Eric Warren,johnsonconnie@example.com,22,2
117,April Smith,rayashley@example.net,66,5
118,Daniel Hayes,ericafuller@example.net,55,1
119,Heather Walker,martinezjulian@example.org,38,1
120,Jordan Harris,pricecameron@example.net,36,4
121,Claudia Archer,nathaniel54@example.org,19,1
122,Dr. Linda Hughes MD,fowlerkatherine@example.net,65,2
123,Rachel Garcia,mjones@example.net,46,2
124,Rebecca Tyler,kyle85@example.com,22,5
125,John Ray,kgreer@example.org,40,2
126,Amanda Arnold DVM,andrewedwards@example.com,36,5
127,Jason Savage,shaun17@example.com,42,1
128,Ronnie Guzman,xhorne@example.org,27,5
129,Ana Carey,singhmichael@example.com,35,1
130,Cory Davis,christopher10@example.com,65,1
131,Drew Baker,wwilliams@example.com,40,4
132,Ronald Gray,jared52@example.com,41,5
133,Christopher Chapman,badams@example.net,53,3
134,Felicia Flores,susan85@example.org,67,3
135,Gregory Welch,smithheather@example.org,56,1
136,Vanessa Jefferson,mitchellmikayla@example.org,41,4
137,Kevin Byrd,smithleslie@example.net,22,3
138,Margaret Johnson,allenpatty@example.net,70,1
139,Dennis Wilson,trevinojasmine@example.net,19,5
140,Yvonne Douglas,daniel42@example.org,25,2
141,Larry Thomas MD,rwaters@example.org,50,5
142,Angela Chavez,paula35@example.com,46,3
143,Ashley Johnson,bradley38@example.net,50,4
144,Charles Williams,amcmillan@example.com,52,3
145,Justin Rice,gregoryjessica@example.com,41,3
146,Joseph Davidson,daniel20@example.com,69,5
147,Chad Cain,smorse@example.com,50,5
148,Joshua Swanson,william25@example.org,50,3
149,Bradley Jones,khunter@example.net,33,2
150,Margaret Hudson,mary91@example.net,67,1
151,Robert Taylor,amber70@example.com,54,2
152,Cody Horn,warrenrodney@example.net,70,3
153,Alec Obrien,tammyanderson@example.com,56,1
154,Jared Rodriguez,jose92@example.com,59,4
155,Brenda Carter,ijones@example.net,47,5
156,Rose Clarke,obrienkimberly@example.net,65,1
157,Jesse Jones,robertbrown@example.com,60,1
158,Travis Townsend,castillojeffrey@example.com,54,3
159,Karen Ortega,masonjoshua@example.com,26,2
160,Amy Kirk,victoriawelch@example.net,29,5
161,Michael Booker,jessicabishop@example.org,55,3
162,Mrs. Miranda Wilson MD,smithtammy@example.net,25,4
163,Debra Pierce,smithann@example.net,66,4
164,Dr. Alexander Mcclain,zimmermanamy@example.com,49,2
165,Sheila Cochran,johnmartinez@example.com,30,1
166,Cynthia Lewis,victor35@example.org,19,3
167,Crystal Evans,jharrison@example.com,40,3
168,Jack Smith,abigail89@example.com,23,3
169,Peter Glover,larrysullivan@example.net,63,5
170,Robert Mejia,simpsonchristy@example.com,19,2
171,Christopher Jefferson,barnettrhonda@example.org,40,2
172,Kevin Hawkins,crystal91@example.net,53,3
173,Andrew Collins,wrightmichael@example.net,34,2
174,Alicia Wilson,jessicagray@example.com,68,5
175,Tracy Edwards,cgriffith@example.net,18,3
176,Donald Grant MD,gmorris@example.com,20,3
177,James Bell,yortiz@example.com,49,5
178,Nicole Shannon,julie56@example.org,24,4
179,Joseph Parrish,sjordan@example.com,53,5
180,Paul Edwards,lrodriguez@example.com,62,1
181,Pamela Patrick,ksmith@example.net,51,2
182,James Weber,leejennifer@example.org,28,4
183,Kelly Hill,anthonysimmons@example.com,53,4
184,Ryan Flores,tsmith@example.net,44,5
185,Brandon Carlson,uwilson@example.net,37,4
186,Dr. Alyssa Blankenship,lisa61@example.org,68,2
187,Kristi Mcgee,desiree91@example.net,45,1
188,Kevin Parker,tgonzales@example.org,63,3
189,Tracy Roberts,bryanturner@example.com,36,5
190,Terry Smith,dickersonjose@example.net,39,5
191,Seth Bautista,rgillespie@example.com,42,3
192,Shelia Morris,wagnermichelle@example.com,57,2
193,Ryan Franklin,lisa03@example.com,46,4
194,Colin Phillips,gchambers@example.net,30,3
195,Joseph Nelson,patrickchristina@example.org,36,4
196,Dr. Leslie Nguyen,michelle72@example.com,19,3
197,David Fisher,leonardjames@example.com,57,2
198,Whitney Rodriguez,martinezwilliam@example.com,32,3
199,Jeffery Mathews,rodriguezjuan@example.net,42,4
200,Collin Smith,theresawhite@example.com,42,4
201,Michael Bowman,chavezjulie@example.com,50,3
202,Alexandra Owens,alexander81@example.net,38,5
203,Kathleen Baker,rcooper@example.net,48,4
204,Judith Hicks,ccantu@example.org,69,3
205,Heather Juarez,james12@example.org,28,5
206,Janet Martin,rmiller@example.org,67,2
207,Dr. Heather Rodriguez,amber68@example.net,38,3
208,Chase Williams,ginahall@example.com,56,5
209,Janet Bryant,lawrencekristi@example.org,53,3
210,Shannon Forbes,lisa35@example.com,49,2
211,Lisa Smith,cassandra75@example.org,46,2
212,Suzanne Moody,ygomez@example.com,20,4
213,Dylan Williams,frederickluis@example.com,33,2
214,Michael Bray,mvargas@example.org,36,2
215,Brian Pearson,cdiaz@example.net,21,3
216,Sharon Morales,carpentermegan@example.org,32,1
217,Peter Parker,teresaolsen@example.net,24,2
218,Anthony Harper,harrisondeanna@example.net,31,5
219,Gregg Pitts,karendaniel@example.org,23,2
220,Sandy Kelley,megantorres@example.com,32,3
221,Margaret Lewis,erica44@example.org,29,4
222,Richard Morris,wsolis@example.org,29,5
223,Dawn Lucas,martinezjay@example.com,35,1
224,Cindy Rodriguez,rebeccasmith@example.org,65,1
225,Joshua George,clawrence@example.com,48,3
226,Megan Sharp,olivia64@example.org,61,2
227,Jason Garner,conradcharles@example.net,70,2
228,Joseph Smith,david96@example.net,50,4
229,Matthew Powell,weavermichelle@example.net,37,1
230,Tina Daniels,lwalker@example.net,37,3
231,Susan Espinoza,angela18@example.org,52,1
232,Thomas Hall,nbennett@example.com,25,3
233,Joseph Perkins,robert45@example.org,45,5
234,Amber Acosta,michaelpacheco@example.org,41,1
235,James Norton,belinda28@example.com,57,4
236,Jacob Barrera,blittle@example.net,58,2
237,April Patterson,florescameron@example.net,51,1
238,Brandon Lee,sandra91@example.org,66,3
239,Hunter Burnett,jeremy22@example.net,66,3
240,Jose Pacheco,amandamalone@example.net,42,1
241,Taylor Martinez,ashleywatts@example.org,53,3
242,Meghan Lawrence,tinahernandez@example.com,36,2
243,Amanda Sims,jjackson@example.net,23,4
244,Tiffany Wilson,solomonricardo@example.net,36,3
245,Benjamin Alexander,zjohnson@example.net,68,4
246,Veronica Santiago,andresdrake@example.net,19,5
247,Richard Norris,patriciaglover@example.net,65,2
248,Brianna Phillips,daniel75@example.org,33,2
249,Mike Perez,brian76@example.net,50,4
250,Kathleen Hester,julianorman@example.org,45,3
251,Justin Hill,xjenkins@example.com,69,3
252,Laura Brown,catherinehansen@example.org,45,2
253,Randy Williams,russellmark@example.net,68,3
254,Alexander Brown,juanhanson@example.com,27,2
255,Christine Flynn,jennifersanders@example.net,36,4
256,Kathy Webster,josephanna@example.org,63,2
257,Laura Daniels,jacquelinenorris@example.net,31,1
258,Jacob Snyder,jesserodriguez@example.org,20,5
259,Victor Dawson,patricklopez@example.org,51,3
260,Richard Little,william85@example.net,53,2
261,Susan Kidd,wclark@example.com,57,3
262,Kristin James,jerry63@example.net,45,3
263,Elizabeth Phillips,elizabeth02@example.org,22,1
264,Jenny Martinez,theresa03@example.net,28,5
265,Andrea Smith,usellers@example.net,18,3
266,April Campbell,jason64@example.org,70,1
267,Frederick Harris,madisonblack@example.org,29,5
268,Yvonne Reese,larry33@example.net,21,5
269,Edward Nelson,kruegerstephanie@example.net,51,2
270,Robert Wilson,ynelson@example.org,20,2
271,Jeffrey Ortiz,melissa92@example.net,28,1
272,Thomas Franklin,jhood@example.org,29,1
273,Thomas Lee,kristinhall@example.net,33,2
274,Madeline Stark,jennifermendoza@example.net,66,1
275,Carly Brown,codyreynolds@example.com,30,3
276,Linda Rose,timothyjohnson@example.com,30,3
277,Pamela Hernandez,brandtamanda@example.org,20,4
278,Olivia Williams,michael13@example.com,60,3
279,Kristen Anderson,wallscott@example.org,21,1
280,Timothy Lee,escobaramber@example.net,51,2
281,Omar Duncan,nicholewilliams@example.com,40,5
282,Gerald Jackson,jennifer83@example.com,24,4
283,Dillon Wilson,hwhite@example.org,20,2
284,Jennifer Delgado,xgonzales@example.net,19,3
285,Nicole Pearson,justin29@example.org,49,3
286,Megan Nelson,zglass@example.org,68,5
287,Melissa Sullivan,gadams@example.org,59,1
288,Russell Mcgee,michael01@example.com,37,5
289,Robin Singh,rthompson@example.net,28,3
290,Andrew Baker,amy28@example.net,50,3
291,Tiffany Hall,ihughes@example.net,57,3
292,Jessica Smith,aliciasingleton@example.org,70,1
293,Nancy Graves,arnoldlisa@example.org,54,2
294,Michael Greene,lisa75@example.org,20,3
295,Kristine Park,benjamin87@example.net,57,4
296,Maurice Sullivan,meganvazquez@example.org,28,5
297,Annette Smith,cameronmorse@example.org,55,1
298,Manuel Gutierrez,mescobar@example.com,35,5
299,Jack Rodriguez,greenjames@example.net,45,2
300,Michael Jackson,ywelch@example.org,21,1
